deaf_ev_stim_ve,deaf_ev_max_dim,deaf_ppa_stim_ve,deaf_ppa_max_dim,deaf_loc_stim_ve,deaf_loc_max_dim,deaf_nulls_ev_mean,deaf_nulls_ev_std,deaf_nulls_ppa_mean,deaf_nulls_ppa_std,deaf_nulls_loc_mean,deaf_nulls_loc_std,hear_ev_stim_ve,hear_ev_max_dim,hear_ppa_stim_ve,hear_ppa_max_dim,hear_loc_stim_ve,hear_loc_max_dim,hear_nulls_ev_mean,hear_nulls_ev_std,hear_nulls_ppa_mean,hear_nulls_ppa_std,hear_nulls_loc_mean,hear_nulls_loc_std,deaf_ev_z_score,deaf_ppa_z_score,deaf_loc_z_score,hear_ev_z_score,hear_ppa_z_score,hear_loc_z_score,deaf_ev_p_val_one_tail,deaf_ppa_p_val_one_tail,deaf_loc_p_val_one_tail,hear_ev_p_val_one_tail,hear_ppa_p_val_one_tail,hear_loc_p_val_one_tail
0.2674203462822767,2.0,0.22790443440962688,2.0,0.2602340529157227,2.0,0.21297306298072285,0.047059748168237776,0.192512335781453,0.04655875048808277,0.25964214250244816,0.042144236475399284,0.22238276536119014,2.0,0.18877146393567093,4.0,0.21627939489711628,2.0,0.20333759806899063,0.04264128908953625,0.15469412834966503,0.02604726584195478,0.2131852759387088,0.04511907663420409,1.156982037109628,0.7601599754536558,0.014044872152804772,0.4466367621346844,1.308288393598569,0.06857673492506419,0.1236398496738767,0.22357948309552506,0.494397090879532,0.32756867395614137,0.0953877551484042,0.47266326905036404
0.12816247026779645,2.0,0.11281504426995956,2.0,0.08208310781719272,4.0,0.14506411871343494,0.030878686550503583,0.14000451416514656,0.02316867138812132,0.09569979600828524,0.0123049498858629,0.15523871782377635,2.0,0.13753710604538347,2.0,0.11486524340593492,2.0,0.13361516891998132,0.02881911273462532,0.13269011765619967,0.02123898593151771,0.137766568624788,0.023005769373414628,-0.5473564563050642,-1.1735446301477244,-1.1066024906559488,0.7503197306215111,0.22821185553831352,-0.9954600886035903,0.7079330678178463,0.8797112647672936,0.8657670850029044,0.22653108106345932,0.409740772610328,0.8402437268227161
0.22793174985833103,2.0,0.22190193011823892,3.0,0.21810642258162607,3.0,0.20864860434017016,0.04244544474894197,0.19249965365801508,0.028189703978440624,0.1916063104921255,0.02714959864160302,0.21166838076066885,2.0,0.17796699677681438,5.0,0.23972128107266782,2.0,0.19428771605813414,0.030952058241278863,0.14060125602691181,0.019371456052477212,0.21749544265884815,0.04340189235758621,0.4543042400007257,1.0430147291617742,0.9760774897383858,0.5615350219054314,1.9289071842962602,0.512093763808776,0.3248049323711758,0.14847073553982637,0.16451303272571993,0.28721643124271723,0.026871192893217856,0.30429269442034057
0.22279841425352803,2.0,0.23643992217876456,2.0,0.20010758803700415,2.0,0.17938808641377074,0.09845617784091895,0.18660688328013594,0.05758033041287131,0.2288049627505336,0.06032741132195623,0.20471351712336172,2.0,0.18364214216632185,4.0,0.2621017186575322,2.0,0.19237910574397268,0.06980034428281494,0.15047886793994705,0.02071652108664897,0.233054721285366,0.061280547656678744,0.4409101469477897,0.8654524651266868,-0.4756937863681383,0.17670989314053867,1.6008129013392747,0.4740002901883409,0.3296390237351253,0.1933952476923489,0.6828537258370905,0.42986813478559704,0.05470918262695253,0.3177498501454915
0.09918028677249724,4.0,0.22704993793397896,2.0,0.2093381233442178,2.0,0.10639673967205733,0.012556865190062116,0.19175949859025207,0.02331117485230903,0.19563327512520995,0.031387219913582676,0.1532713723541479,2.0,0.14990761786016596,4.0,0.22825454952548438,2.0,0.18116206816120678,0.030442669743917142,0.13650881975105175,0.013729751067563599,0.190965396723083,0.030355942439044614,-0.5747017898441253,1.5138850601616625,0.43663784995106075,-0.9161711519283496,0.9758951960002199,1.2283971376371796,0.7172535016154258,0.06502749695471562,0.33118700421127456,0.8202114331954136,0.16455820150516903,0.10964896093538884
0.23618014450041808,2.0,0.21305401868980128,3.0,0.27306560705720695,3.0,0.2171730461041009,0.03867340335782463,0.22725036367558726,0.02601354103403034,0.26790485127966546,0.02518203796659566,0.2823996019853474,2.0,0.22578677042010306,3.0,0.2177441810970209,3.0,0.2396613132916909,0.03325768107515658,0.21611484083314325,0.024324457209196494,0.2574103072643761,0.02528242687259508,0.4914772620463346,-0.545729048083636,0.2049379714377093,1.2850652033458196,0.3976215996837572,-1.5689208305533093,0.3115444651461303,0.7073738993062791,0.4188102939361142,0.09938474994102975,0.3454545681588412,0.9416668062637494
0.19507255820519878,2.0,0.2107235471708529,3.0,0.22763070084517695,2.0,0.18341321613674058,0.048843904456298146,0.2049607663143558,0.02615717834827818,0.19855842390555323,0.04035102702845214,0.23155228868109806,2.0,0.26380976088955316,2.0,0.18459875512952995,2.0,0.19911910321692652,0.03245497382996528,0.22530523163449906,0.03971801393369306,0.2147837171611173,0.037265162926434704,0.23870618449207112,0.22031355139941655,0.7204841879024393,0.9993286586546674,0.9694474985414728,-0.8100048318901919,0.4056667104205933,0.4128134834714118,0.2356134659079085,0.15881775341118903,0.16616098160278547,0.791031300660636
0.19415433186406889,3.0,0.20878592096014972,2.0,0.2715424055745152,2.0,0.17244439665836067,0.027917101285183307,0.19284599529273377,0.03909536410676915,0.22888429650189518,0.03478780315513727,0.22650694649919112,2.0,0.20633926732115052,2.0,0.259252042815457,2.0,0.21482892191710257,0.030797814028422556,0.20034456287976257,0.03819361592966985,0.2317189417580517,0.0344801873137769,0.7776572139038849,0.40771907441209987,1.226237508657413,0.37918355410910615,0.15695566642411285,0.798519474585458,0.21838556105102241,0.34173996603375756,0.11005465501481831,0.35227578161370554,0.4376398940094806,0.21228454822951875
0.1802865756442599,2.0,0.152718963336116,2.0,0.22453493732237792,2.0,0.1518550232796371,0.035989105306383044,0.15665835704458295,0.03150743937888362,0.1700740680720111,0.034591164529565024,0.10768395925137275,2.0,0.11253058080820373,3.0,0.10992703083979986,2.0,0.14209477635065365,0.025281295158206152,0.12895130081291792,0.01758145433517979,0.15667030342317703,0.031745206449335595,0.7900044227990344,-0.12503058916006773,1.5744156055752097,-1.3611176517636345,-0.9339796180488311,-1.4724513654676665,0.21476259269185916,0.5497503331493289,0.057695699174699695,0.9132617439010886,0.8248427965962525,0.9295504844457506
0.28809036268810995,2.0,0.24441478313298354,3.0,0.2712516497592634,2.0,0.24981813778216472,0.048226233109577785,0.23660140452748632,0.02998338816076844,0.2593371194810065,0.04581128756305812,0.25733646047526404,2.0,0.19192477412690068,3.0,0.25956934403976917,2.0,0.2314735701164604,0.040656527988322214,0.1922313563579896,0.030128677162851687,0.2559337672418281,0.045032027811389146,0.7935976425731729,0.2605902496276448,0.26007848528284294,0.6361313087588851,-0.01017576143259744,0.08073313538462495,0.21371485265154488,0.3972042548136104,0.39740161663880186,0.2623454202121427,0.5040594714135342,0.46782709229538477
0.19639537485648612,3.0,0.22844008349229805,3.0,0.22720579762366433,3.0,0.22103117627956917,0.02514485345689013,0.21068414860117107,0.0264699974228775,0.24260745697564862,0.022726551429894645,0.19557419423754013,2.0,0.20110527245883048,2.0,0.21777340675745682,3.0,0.1966432858534368,0.025440880499420844,0.17267327307303362,0.0314950217390538,0.21978755341435605,0.023324840811142895,-0.9797552197041105,0.6707947344105472,-0.6776945195356322,-0.042022587068910565,0.9027458250819747,-0.08635200013613865,0.8363965193259935,0.25117565117874396,0.7510172989899027,0.5167596539291298,0.18333040474085538,0.534406698660076
0.22817163671400323,2.0,0.21401269167038048,3.0,0.23993740235213573,2.0,0.23671657850914224,0.03467039001456349,0.23480209778903513,0.023929768112093745,0.23778174982700562,0.0377191085487077,0.2682283254082304,2.0,0.29789941044592655,2.0,0.24540534354794302,4.0,0.2323190021233266,0.03431801504135451,0.19973209197619762,0.03047854887341534,0.18868480788717693,0.021604643165970067,-0.24646223453355037,-0.8687675543394839,0.05715014506099639,1.046369472174649,3.2208658908743044,2.6253863683389977,0.5973377823174513,0.8075128584628696,0.4772127958417615,0.1476952408266603,0.0006390196873650363,0.004327534634440626
0.26043267563122285,2.0,0.25110474322954524,2.0,0.21197813432010448,2.0,0.21371986462256864,0.04305843467558037,0.1972475134205041,0.041308977358107006,0.25064696100322587,0.03424486014657866,0.21432631267097937,2.0,0.1721430340017053,2.0,0.24350960004046665,2.0,0.22138773351525978,0.03748932237468647,0.1982020819227621,0.03971222291201875,0.24579756902370115,0.038197203501542036,1.0848701621553916,1.3037657490804844,-1.1291862929971612,-0.18835818833173734,-0.6561971607278151,-0.059898861002799036,0.138989582463089,0.09615673201362751,0.8705903726290138,0.5747020630658122,0.7441513622533967,0.5238819064719843
0.21572360151593553,2.0,0.15089887119753065,3.0,0.224400948489034,2.0,0.19517112148063775,0.03380377693737631,0.17409935614492913,0.0231364158194987,0.2038476567108626,0.051639849108736036,0.17199505504615709,2.0,0.14706906346723747,2.0,0.14924706134814955,2.0,0.18847138652060855,0.02622557905048746,0.1667345438404339,0.025786697279906675,0.18436770854715653,0.03590179387049466,0.6079936000457162,-1.0027691898520337,0.3980122353745286,-0.6282542491333556,-0.7626211359963505,-0.9782421270005216,0.27159585929403074,0.8420138811788991,0.3453105833643775,0.7350813013308991,0.777155312129179,0.8360227072334121
0.2682970992171693,2.0,0.21104263362394773,2.0,0.22355656973596827,3.0,0.2414800527672337,0.03078353595572914,0.2160975403551624,0.03606463021981159,0.20601045882821506,0.029687684529696914,0.22658727767136203,2.0,0.22670546143011547,3.0,0.3399486712630986,2.0,0.22623715564700492,0.04227304349533003,0.20996827560793777,0.026719895717099786,0.2301418597566203,0.037905330987791905,0.8711489962849669,-0.14016244448938864,0.5910232200898539,0.00828239453342853,0.6263941296547237,2.896869876742233,0.19183640220431947,0.5557341780542221,0.27725243144594197,0.496695840414182,0.2655282295176574,0.0018845302517680655
0.2270846614138529,2.0,0.16147039080204473,5.0,0.24813697720326097,2.0,0.2315006250839938,0.03405913586846925,0.14061980168956317,0.017764949587217672,0.2586138211121395,0.04408643159097837,0.23766432763146436,2.0,0.16282849806368072,3.0,0.33153693592572014,2.0,0.2239453412783508,0.03474716131406421,0.178849052863111,0.023678158230410876,0.25965649926970386,0.050436258921957466,-0.12965577539003428,1.1736925573649855,-0.23764327324288234,0.3948232268274726,-0.6765963232247686,1.4251738370849525,0.5515806133732544,0.12025909621844394,0.5939211077004867,0.3464866760598739,0.7506689437113698,0.07705347855919724
0.17930100424852383,2.0,0.18128984772685,2.0,0.1812413748352622,2.0,0.19843924560725634,0.03767086516756725,0.1735547807298656,0.0288826785434873,0.1939623307543824,0.0431152175129034,0.155347013916507,2.0,0.15079116827913802,2.0,0.12463029883844039,3.0,0.17577037137672932,0.025677328508651724,0.1435682556685673,0.022189871485600747,0.13015257304943958,0.017657013823967765,-0.5080382750330246,0.26780989115459175,-0.2950456162099405,-0.795384825697147,0.3255049320703709,-0.3127524430831685,0.6942867493519433,0.39442282835793036,0.616020483393876,0.7868051579727533,0.37239947522285943,0.6227656255397268
0.19321627685157247,2.0,0.1477699927443253,2.0,0.18020303573433213,2.0,0.1724250035211964,0.03018114477998436,0.13899451000664656,0.0293249776350544,0.17422429948299767,0.03407728222727284,0.15033289449612458,2.0,0.10450625526261559,3.0,0.1450913133236084,2.0,0.1492179672388552,0.02834583512215912,0.12148177909242375,0.012176876134604987,0.1496688879772362,0.026557875466439337,0.6888828598762924,0.29924942644078073,0.175446393038631,0.039333018500407595,-1.394078714619268,-0.17236223053355343,0.24544849323814283,0.3823748696255113,0.4303644447469306,0.4843124410100144,0.9183530819691821,0.5684236182908962
0.2286214593750011,2.0,0.23712020828669036,2.0,0.22925433044341856,2.0,0.21874310608896286,0.039783626708346655,0.1787012013322371,0.030758593659867207,0.21885998771552947,0.03733112559904411,0.2531143967983185,2.0,0.21401580665940914,3.0,0.23423217105995434,2.0,0.21074969608957894,0.03351193721991126,0.1914496382358555,0.024512345730579088,0.19982278116026722,0.03616270155882458,0.24830198006974977,1.8992743166498034,0.278436360037192,1.264167464588361,0.9206041996789559,0.9515160211057402,0.4019503835485634,0.02876420895784336,0.3903387056540779,0.10308496296848702,0.17862855439336484,0.17067124478782275
0.2730030391799181,2.0,0.2820360249990276,2.0,0.28056315468060794,2.0,0.24883243356111437,0.05421616743210187,0.23549706524481645,0.05257092859316128,0.2752567737587238,0.045983892339162606,0.3072895702688372,2.0,0.2652798493292816,3.0,0.32018007131356874,2.0,0.25846748883099063,0.050660288586294615,0.24390969417429006,0.03900200451081743,0.2937187819559659,0.04501984558713563,0.4458191488558095,0.8852603710763667,0.11539651499585858,0.9637150280871997,0.5479245342137329,0.5877694383999424,0.32786394425701293,0.18800810913331079,0.45406542057052873,0.16759440890157318,0.2918718609131578,0.2783435300466617
0.2892851451286861,2.0,0.17730553081702224,3.0,0.26826947256288475,3.0,0.2406034218421778,0.037083577575750384,0.2423174378011717,0.027288675347517048,0.24863515900921485,0.02743610982926268,0.24540336477990776,2.0,0.2686966212026899,2.0,0.2663257139719758,3.0,0.23288635266319643,0.05490415546718731,0.19848783075039542,0.04148821587749488,0.2266748600135243,0.03415418114789845,1.3127569255438323,-2.382376797562832,0.7156376642263047,0.22797932160511863,1.6922586080733097,1.160937039794651,0.09463243442905939,0.9913993566178899,0.23710755531062416,0.4098311581079054,0.04529833810737965,0.1228337522216415
0.24038347146377015,4.0,0.22514967380066997,2.0,0.23267794404431028,4.0,0.19943942395371553,0.02605817204037837,0.24106450875351385,0.044599970373836326,0.2371856250282076,0.02239155888594342,0.2735684725761536,3.0,0.2452745524943254,3.0,0.3116739856175487,2.0,0.23532832320806282,0.027271763893858818,0.21976295432781845,0.020636563231919862,0.24823252532035914,0.043613898419060104,1.5712555526385306,-0.3568351014461658,-0.2013116195642396,1.4021883409126261,1.2362328881897622,1.4546156752056005,0.05806165047275378,0.6393923716497648,0.5797725412729557,0.08042950615790406,0.10818600454382099,0.07288784448554876
0.25272963389282177,2.0,0.2550734054196264,2.0,0.2246588138105698,3.0,0.24116215559308654,0.044908416185773646,0.20617214262588013,0.036272740525625985,0.21243670486220817,0.02419434081446532,0.19756984914933684,2.0,0.2002952492868666,3.0,0.21888807029005455,2.0,0.2115007398992052,0.04361368858648878,0.20264759303570576,0.034573045457620535,0.2177896681447106,0.04700914760115856,0.25757929765066273,1.3481546220418197,0.5051639572281408,-0.3194155596870121,-0.0680398188155757,0.023365710747686196,0.39836580438910785,0.08880432809905864,0.3067218415663067,0.6252942933008023,0.5271230315600086,0.49067927819684765
0.23159820348833057,2.0,0.18507812131024856,2.0,0.1660274176633971,2.0,0.1947510423165528,0.027683603685991206,0.1517873542255262,0.03275632385160587,0.2013402936062866,0.03353726491451963,0.2581597316205656,2.0,0.16733833132105616,4.0,0.1614851950757983,3.0,0.18748226090637005,0.031960578646555785,0.14716895093671534,0.017604203073236402,0.17657904534117952,0.023208423326473875,1.3310102828275794,1.0163157268665939,-1.05294441967452,2.2113952158313652,1.145713912775992,-0.6503608648056517,0.09159281373953926,0.15473953091578935,0.8538167669050072,0.013504240428560918,0.12595677263113336,0.7422704248814448
0.2768329218690281,2.0,0.22360847229694678,2.0,0.18059466874973776,3.0,0.1924708766433996,0.037486620220875365,0.1885321119509083,0.02887834900697613,0.1621222086331736,0.02597293242633643,0.18937107783614773,3.0,0.2459500300877213,2.0,0.21730185154067322,2.0,0.16499164903637975,0.028700441693127327,0.18637486647697746,0.03337832514665586,0.2180870208554357,0.03984468823245766,2.250457489327068,1.2146248505260844,0.711219657963349,0.8494443765165446,1.784845804844483,-0.01970574622598919,0.0122099595743998,0.11225460319641883,0.2384740643793395,0.19781703452424937,0.03714316565504231,0.5078609465773248
0.28434271603497574,2.0,0.26616493791139695,3.0,0.28427623423385273,3.0,0.2183603688384042,0.03660580063092587,0.23353017307386056,0.019388609987265135,0.26150941430068386,0.03283511553189591,0.22869427814021084,2.0,0.34757336811826467,2.0,0.2466932939209023,3.0,0.23122609798413984,0.039784676908277146,0.19306380783899854,0.03258086457914227,0.24294982796644596,0.02303746254417019,1.8025106966470041,1.6831925991069816,0.6933680471156943,-0.06363806471939097,4.742340704432398,0.16249471691072426,0.03573254665180605,0.04616890653293561,0.2440393046416277,0.5253707890540763,1.0563146702739362e-06,0.4354581441419012
0.21451871725308017,2.0,0.18311020259429686,3.0,0.21493398463526464,2.0,0.19979102126889262,0.07270915693153594,0.20095838353400353,0.034093801625593646,0.2438095506053139,0.053185089590521685,0.2863774330258673,2.0,0.20870011601932587,3.0,0.26563529485681725,2.0,0.16810284129032815,0.06925577811982214,0.21069217727333586,0.04083474758486279,0.23521157081493818,0.05738812800969026,0.20255627496898876,-0.5235022229468342,-0.5429259627532014,1.707793846903397,-0.048783483964731124,0.5301396838862191,0.4197409344836701,0.6996875977517374,0.7064096103343787,0.04383730060346078,0.519454077805442,0.2980075432929168
0.26296696437629397,2.0,0.1739786866040347,2.0,0.19926308565792805,3.0,0.2276813636797308,0.03728650550585678,0.18393170679098883,0.030505929209300498,0.19877727337518647,0.022603205931560916,0.18991664813465955,2.0,0.16931978221690464,3.0,0.16602653000003534,2.0,0.17188087441471167,0.032069864430917305,0.1563390291574772,0.028079273333119693,0.17234952859577163,0.029560345130395158,0.9463370250939896,-0.3262651046839674,0.02149306979782197,0.562390083026366,0.46228949394201596,-0.2139013792919056,0.17198835723417177,0.6278881063217137,0.49142616584382137,0.2869251371328443,0.32193686635031316,0.5846880176961763
0.22775445684897852,2.0,0.2535287566852999,3.0,0.33175818890438147,2.0,0.2474310757985491,0.042808367424066955,0.24079375065489833,0.029276675504827078,0.2503672221981882,0.04710995553739409,0.2634764975860685,2.0,0.16402923568447733,2.0,0.21987718653869281,2.0,0.24092375301734256,0.03559509998970311,0.2255619739945025,0.04907034595126812,0.23437990153882082,0.03824194858184959,-0.45964422690196616,0.4349881197508864,1.727680821978026,0.6335912688895371,-1.253969930661045,-0.3792357747955159,0.6771141957930186,0.33178552540425454,0.04202273185877483,0.2631738001694607,0.8950735324788153,0.6477436061123764
0.150395533091462,3.0,0.21963601908158864,2.0,0.3202752362314989,2.0,0.16149957844509347,0.023218018208204252,0.20177514980961922,0.046773887851493764,0.2243513646884591,0.04635504902670049,0.1872515045972824,4.0,0.23034699954477317,3.0,0.24730329584275557,2.0,0.14002829015594526,0.020692358839458046,0.20672376958434543,0.020507567582454134,0.21906591427695862,0.03384563078297991,-0.47825121222912,0.3818555628447512,2.06932952412126,2.2821571386674235,1.1519274465607172,0.8342991669103945,0.6837642918353513,0.3512842513712917,0.019257587468026,0.01124003228749191,0.12467544431635152,0.20205621059531587
0.1875245188787119,2.0,0.20591612363466044,2.0,0.24095513514058617,2.0,0.2127620475181159,0.037885962569606836,0.20372252864115992,0.038664089182185495,0.24404454898046524,0.03416086282719391,0.20699931077397876,3.0,0.22616479053078187,2.0,0.20990087099443921,2.0,0.19641233934858143,0.027476874320387864,0.20648985942396364,0.035041116635160366,0.24353918332254273,0.04036257205346912,-0.6661445804111685,0.056734686886435834,-0.09043723091852722,0.3853047949322892,0.5614812824508092,-0.8334035869553151,0.7473406540198454,0.47737827118273485,0.5360301140487962,0.35000580471636633,0.28723474336424093,0.7976914237869308
0.1978284344793842,2.0,0.20793734979694192,2.0,0.18505760832553242,2.0,0.16704685570274672,0.02683126606293354,0.1861897937982926,0.04024299426550755,0.20053690732289042,0.03154322618644384,0.19639897311125412,2.0,0.16375556041131462,2.0,0.1714158950810456,2.0,0.1700020126961942,0.0374800339477674,0.19149108961006422,0.041130216022999905,0.17205527954750133,0.03794113617321862,1.147227965480211,0.5404060109237264,-0.49073290429659533,0.7042939302522252,-0.6743346347424963,-0.016852011588072792,0.12564370822670368,0.29445853169033953,0.6881923146092855,0.24062487275625427,0.7499507053643363,0.5067226617356767
0.20622575138132476,3.0,0.20695588685781227,3.0,0.20197295721329944,3.0,0.2203910621460996,0.02215626838488982,0.20474141231340903,0.02611718508865387,0.22386194877711835,0.022690431777509016,0.26094985596615405,2.0,0.18907096884912425,2.0,0.19298272450807488,2.0,0.1978969803960931,0.0385054976862628,0.15144322685353778,0.033726381136927774,0.18836750060955823,0.03354659790050154,-0.6393364856708149,0.08478993953162572,-0.9646793758026012,1.6375031971747676,1.1156768300405349,0.13757651110271457,0.7386979710514858,0.46621419591391056,0.8326472857773244,0.05076268572494434,0.13228024594411486,0.44528756020078014
0.2119525610429636,2.0,0.19053136156243117,2.0,0.17305375642679277,2.0,0.18557964573349106,0.03969793888928054,0.17447199283779774,0.03165501247922525,0.19163540829435377,0.03828785709811473,0.21687875144321475,2.0,0.13740262850461674,3.0,0.18630726435209413,2.0,0.19847269450083826,0.03811253149873454,0.16894903090355728,0.022885968506242634,0.2028795868803212,0.03998344897567428,0.6643396621428598,0.5073246688868933,-0.4853144906998712,0.48293976334234395,-1.3784167530570357,-0.4144795647396398,0.25323647072585376,0.30596351616114603,0.6862733609881981,0.3145692535997274,0.9159626730691568,0.6607385350607983
0.2202662257144747,2.0,0.21897373280480495,2.0,0.20625792008630492,2.0,0.19887365146844774,0.03217168259533002,0.17933041180177797,0.03663247665633818,0.2156974388361214,0.031337563043782664,0.21482962658516827,2.0,0.1443716584188742,2.0,0.22852912811598416,2.0,0.16914320234852911,0.03213145477462449,0.1639540970135734,0.03262337813840486,0.19908084243919846,0.03913685528524236,0.6649504321894646,1.0821905757269583,-0.30122057470225927,1.4218598117356196,-0.600257843060293,0.7524438400110801,0.25304109871847863,0.1395839276257388,0.6183768491742163,0.07753347596961477,0.725832795254556,0.22589209542825806
0.27182237302412027,2.0,0.21593613023453026,3.0,0.24165344019941815,2.0,0.2221093359747229,0.039486649807518086,0.19910535517326744,0.026979939534859863,0.22144162911454068,0.0389442592521616,0.23704363536363607,2.0,0.17727468753902956,3.0,0.19447643990498784,2.0,0.19601507140636495,0.19601507140636495,0.1797622339801701,0.023048571239566756,0.19361849346599957,0.022455728286459486,1.2589834106395175,0.6238255293165631,0.5189933374777338,0.20931331281263327,-0.10792627513805521,0.038206128433856734,0.10401816198064967,0.26637108588765324,0.3018826936750322,0.41710182991623523,0.5429729128451489,0.48476166734076076
0.17041451456491416,2.0,0.16246621446006584,2.0,0.17799537359871775,2.0,0.17023462197333555,0.0353850397876562,0.1960560814083921,0.04530854959247058,0.20537836575574006,0.03595470687206973,0.21930822050638948,2.0,0.18211495555022042,3.0,0.20101598429120376,2.0,0.18490971697707162,0.037470668432188985,0.178969861382792,0.018141492002217274,0.1995269047563494,0.03748648733512901,0.005083860090539185,-0.7413582480669,-0.7615968683725777,0.9180114732025438,0.1733646916716675,0.0397231013282732,0.49797184199874694,0.7707618735956591,0.7768496777630258,0.17930642963996235,0.4311823883982844,0.48415694200664144
0.20102378976040555,2.0,0.21194381593180628,2.0,0.17337776728734952,3.0,0.2020000280865926,0.044441909563556564,0.17832645917689238,0.02441264163426333,0.16598637174616626,0.020010684279103373,0.15773915521001305,2.0,0.1770436634992086,3.0,0.15981730222422144,4.0,0.17711367620784027,0.031816459395559646,0.165527745384137,0.022101300157632318,0.13783726480788439,0.019690512189234007,-0.02196661520115191,1.3770470749765842,0.3693724531400407,-0.6089464813464176,0.5210516138388707,1.1162755546986163,0.5087627068407042,0.0842488470112896,0.355925063856497,0.7287200432908449,0.30116540824975474,0.13215210101749797
0.14738183184423134,4.0,0.16757653079775897,3.0,0.1404978933016358,4.0,0.11790489063311688,0.015232742105202332,0.17702699400742875,0.017626449718214313,0.12286730862403783,0.009928696043410509,0.23207933218161725,2.0,0.18660172380727136,3.0,0.19684364152283215,3.0,0.20056577880864734,0.03187643977637563,0.18379261884571457,0.01987686699328501,0.21034289713177634,0.21034289713177634,1.9351040677730251,-0.5361523937463213,1.7757200543266782,0.988615842736783,0.1413253387722413,-0.06417737795294855,0.026488763230027898,0.704073383937107,0.037889535138283005,0.16142556595942503,0.4438064665293968,0.5255855049836589
0.20961840320918912,2.0,0.19596197367837828,4.0,0.2695835623741354,3.0,0.19497670204660889,0.029880575815592177,0.1715249282855587,0.01920025309851778,0.21689320802904968,0.021484035185696637,0.19835295160668523,2.0,0.1981690058067938,3.0,0.23906831649629692,3.0,0.19601507140636495,0.19601507140636495,0.17818245451160789,0.019163607175450802,0.21034289713177634,0.21034289713177634,0.4900073296090885,1.2727460032652413,2.4525352844406627,0.011927043076568038,1.0429430697572082,0.1365647224423489,0.31206435611568106,0.10155409377747121,0.007092673327256028,0.49524191104666904,0.14848733023999017,0.4456874312996542
0.2834281282595832,2.0,0.20413240202776853,3.0,0.2512178529750324,2.0,0.22130018644619567,0.024729109516404675,0.20743941864628213,0.024457401893791725,0.22764261152001877,0.03443521166029683,0.2019434195094719,3.0,0.22645757808978256,3.0,0.2290855501672685,2.0,0.20651238169925273,0.0233895346770461,0.2062699137894506,0.016811966483186568,0.21034289713177634,0.21034289713177634,2.5123404371747955,-0.13521536886356894,0.6846260068787513,-0.19534215848529488,1.2007913720575996,0.08910523383991521,0.005996666401157286,0.5537792019543706,0.2467899758060087,0.577437452486049,0.11491606976446478,0.4644991389701776
0.2853368571144612,2.0,0.29163373222621375,3.0,0.2903581163842237,2.0,0.23115019844558057,0.04548910980954446,0.2398401365124539,0.02595299975234322,0.24484987850985906,0.04742397270653856,0.2298567227797894,2.0,0.2006013475059234,3.0,0.19307987760105016,3.0,0.227228484282064,0.03577038511238581,0.19675969765016615,0.02793023148053884,0.21276405158730807,0.02882149590279881,1.191200682883253,1.9956689480214542,0.9596040836977416,0.07347526422955314,0.13754450472184668,-0.6829685056127295,0.11678740577075031,0.022984984588421135,0.1686272564973313,0.4707139635726883,0.4453002086587121,0.7526866280892235
0.25136376809287037,2.0,0.3889262521015455,2.0,0.23236861168641115,2.0,0.2202623345214077,0.05425214694082486,0.22882496830692878,0.05758623122856781,0.23846236569739,0.051182907575850464,0.22248461525618582,3.0,0.2874416078537141,3.0,0.24433040240719275,2.0,0.17736178805027575,0.038694116127171725,0.2458543242532372,0.039892480219824784,0.2456378669841536,0.06473361393215252,0.5732756273292988,2.7802007594341838,-0.11905837904867367,1.1661418252224653,1.0424842820329299,-0.02019761446242142,0.2832290425500108,0.0027162650974618275,0.5473854475780064,0.12177855431597756,0.14859360450851394,0.5080571345591299
0.2103893291267943,2.0,0.2369739522962644,2.0,0.18114109373476905,2.0,0.18041787177747176,0.04344037349503165,0.2196999164428353,0.03737489220435322,0.21193369590275907,0.037243841520781716,0.16445690922986703,2.0,0.2092815754600251,2.0,0.16084619175012932,2.0,0.18953536412278793,0.0450401402616691,0.18952657530869696,0.040575701407318775,0.20380225652045972,0.04137149021186631,0.689944743517236,0.4621828943072407,-0.8267837288161596,-0.556802326707309,0.4868677426674099,-1.0383011235599533,0.24511446839295825,0.3219750844952982,0.7958201729590242,0.7111687529939712,0.3131760298904195,0.8504350571105931
0.19026389654955597,4.0,0.2871098542184965,3.0,0.22700539751265458,2.0,0.13969436573591515,0.051456262411703625,0.22918571764798237,0.05220561226978197,0.23907068781525892,0.06073844698355492,0.23312939824163706,4.0,0.40964085691420593,3.0,0.2138725653217733,2.0,0.19601507140636495,0.19601507140636495,0.26755842029458726,0.055595463599927335,0.25639508755743146,0.07537218338819261,0.9827672754198891,1.1095384969566229,-0.19864337831803705,0.18934425077105033,2.55564802268875,-0.5641673137774527,0.16286099563464906,0.13359897330954307,0.5787291406297567,0.42491150771649117,0.005299513510750304,0.7136798647710331
0.28939705004909744,3.0,0.3667344551494677,2.0,0.33767679548035434,3.0,0.24401604247432138,0.023040351832223978,0.25166791099178487,0.04655580174920829,0.2714663985591733,0.03906590646814043,0.27815840170658057,3.0,0.314480949924022,3.0,0.3122914341804192,2.0,0.19601507140636495,0.19601507140636495,0.2673683085974322,0.027655755673781764,0.21034289713177634,0.21034289713177634,1.969631709846839,2.47158334373738,1.6948383618124374,0.41906639989902467,1.7035383839196099,0.48467782101895174,0.02444029735875705,0.006725809603261549,0.04505304398922676,0.3375838029323993,0.044233680586077836,0.3139524507838199
0.2565579657001544,2.0,0.2942652031816727,2.0,0.43847119811237634,2.0,0.22996920102238816,0.08797464833265874,0.23665358243869553,0.04966666680621139,0.2933049530721673,0.06281396010622164,0.27525045337609555,3.0,0.2553284567200691,4.0,0.23125870771047302,2.0,0.19601507140636495,0.19601507140636495,0.19925075627476,0.03290490843561651,0.21034289713177634,0.21034289713177634,0.3022321223408142,1.1599655150559085,2.3110506771858583,0.4042310695868138,1.704235116017226,0.09943673337157315,0.3812375592228847,0.12303142333969952,0.010415027942527588,0.3430214042496441,0.04416858560511901,0.46039575913137126
0.30959821103793883,2.0,0.26412350747487917,3.0,0.29896578236283367,2.0,0.24399860452994934,0.0416802846831237,0.23839087693897204,0.034530021379296776,0.26654395066547937,0.03574366403354563,0.4108480823422171,2.0,0.22939764923192274,2.0,0.27164691277601705,2.0,0.24892917403308115,0.058683021682557956,0.250548548768206,0.04965681474057205,0.2813273990838431,0.04506704723973947,1.5738761624761812,0.7452248654365354,0.9070651421445273,2.7592121821031284,-0.4259415278000488,-0.214801876331714,0.05775804091323611,0.22806789667549454,0.1821861750388935,0.0028970450531451792,0.6649247731550226,0.5850391050282071
0.22622331909960774,4.0,0.37097384225364927,2.0,0.15357081514364057,4.0,0.139010300168044,0.03518154558551852,0.244441392228108,0.04326473997244194,0.15578652254728856,0.039674436059699614,0.2133428475724992,2.0,0.2698423581381075,2.0,0.26477349530350863,2.0,0.228850800254114,0.05665381210908068,0.2695895485155568,0.04177933758186766,0.25932350837413615,0.047274969352635914,2.4789422261045435,2.924609048988571,-0.05584723120736812,-0.2737318479426584,0.006051068235711286,0.11528271734497932,0.006588632412177175,0.0017244460783309053,0.5222682457163756,0.6078546494671888,0.497585987770871,0.4541105182923673
0.20055340377162148,3.0,0.2468172777224987,2.0,0.2500694427648593,3.0,0.14716197643281193,0.06770866221108297,0.2453678770355755,0.08912000551201706,0.18031668161530615,0.09489165684896954,0.11830992426784787,4.0,0.1415278598294773,2.0,0.31811983707676306,2.0,0.03863801833488554,0.11313317676577829,0.2422477317158087,0.08438239447719814,0.23348379463488086,0.10946603891359799,0.7885464812812402,0.01626347169298327,0.7350779137577114,0.7042311390045075,-1.1936123940349666,0.7731716912556393,0.21518856075074505,0.49351209952565017,0.2311460222141002,0.24064442097763017,0.8836851882385106,0.21971038868989767
0.12197608340033908,3.0,0.14931319840632337,4.0,0.1909093674139486,2.0,0.16147604615245434,0.0316687507635416,0.14399756034713093,0.026146782213514103,0.22389226578587812,0.03515268157763002,0.18883108623150954,2.0,0.24075580272694297,2.0,0.2255821279834325,2.0,0.21703779701316278,0.03168934729366343,0.21032816479349511,0.03116295289848525,0.23183564636928636,0.03610872023388308,-1.2472851564953196,0.2032998942579261,-0.9382754569972475,-0.8901007180824272,0.9764041948324756,-0.17318582174468186,0.8938535209379689,0.4194503190857476,0.8259485654145735,0.8132940962799576,0.1644321017785863,0.5687473160736236
0.24241037849940505,2.0,0.22637158889024214,3.0,0.26330315919837627,2.0,0.22116229705527687,0.05020657150550655,0.21549378893474586,0.027956239081802257,0.23491124597773597,0.03827310605482554,0.19252563366118258,3.0,0.18426777485852322,3.0,0.2388672980763572,2.0,0.17230337927879322,0.028215289226989824,0.1909695229001674,0.032090590628931354,0.23167744599955128,0.03813333701735649,0.42321315331794235,0.38910097755520506,0.7418241200484067,0.7167126383041085,-0.20883841370006415,0.1885450537290623,0.33606987547240197,0.3486007251842143,0.22909695234405258,0.23677571301386652,0.582712808673861,0.4252247005011729
0.2744479865101743,2.0,0.22691859575980455,2.0,0.24350647058697455,2.0,0.19574302957263562,0.0479631021423091,0.20214479850328052,0.0370761028832793,0.24360638035144502,0.040972523462401905,0.19326447707148647,3.0,0.18347737756124075,2.0,0.191792219001749,2.0,0.17075695962744983,0.019713674233336267,0.20042405291671203,0.0412194771807316,0.22138713123375955,0.04012837800275309,1.640948008408982,0.6681877363032296,-0.002438457679135864,1.1417210803846969,-0.41113270993629086,-0.7375058177028768,0.05040410407074673,0.25200688135316274,0.5009728029031167,0.12678498776654207,0.659512386915822,0.7695925966841415
0.23295408640055384,2.0,0.20325725242290688,2.0,0.276695789922612,2.0,0.22067434243820358,0.042034570206135644,0.22087850297352377,0.034715661366851655,0.24548658689620376,0.049505911926088685,0.2336047348434814,2.0,0.2202618192254607,2.0,0.2566886761813038,2.0,0.22123997886585445,0.03190384696841915,0.19342619874002034,0.039613126162977595,0.23355550749929477,0.03995696732902615,0.2921344003788061,-0.5075879259336995,0.63041365792843,0.3875631672213865,0.6774426329048707,0.5789520633915651,0.3850919328022846,0.6941288200548228,0.2642119886010605,0.3491696653696499,0.24906257825248224,0.2813107594439551
0.27939919801905566,2.0,0.2594823960755661,3.0,0.18460403707869988,4.0,0.22241019530069486,0.03348545540840033,0.21274510393716753,0.021713796334732714,0.18438359011157288,0.022383148724100153,0.20246839547117035,4.0,0.23482169650991822,2.0,0.19794138214279733,2.0,0.15277780785591283,0.024186173191489913,0.18669271930869255,0.035507516823425296,0.22011678571557927,0.03659232194173423,1.7019031702959682,2.152423805488083,0.009848791599621784,2.054503919319553,1.355458829761749,-0.6060124746413121,0.04438676069735195,0.015681995219549386,0.49607096413871027,0.01996347221751505,0.08763570855418656,0.7277467652220002
0.2684155917803025,2.0,0.17659245946577498,3.0,0.2404975519101039,2.0,0.2120181295843093,0.039704449747425784,0.1919224722113746,0.02609688908605465,0.2140560747684304,0.04994029951236614,0.1793881112741736,2.0,0.20924410879408048,2.0,0.26390677801447315,2.0,0.20151049757171793,0.03619066354805363,0.19327912918443027,0.03253271680590283,0.1989095012586514,0.045361176885770085,1.4204317791773378,-0.5874268268163613,0.5294617252971445,-0.6112732989316553,0.4907361320267442,1.4328833865906943,0.07774100823222016,0.7215414594937704,0.2982425944705839,0.7294906676604264,0.31180654379111866,0.07594558289619292
0.15129331385746603,2.0,0.17454157976490833,2.0,0.1524487593051338,2.0,0.13711446013690087,0.019115645480735858,0.15710191567566903,0.03247872212337004,0.1431115643041925,0.0197016681253897,0.17464762772904752,2.0,0.1756647837197727,2.0,0.11123649779511247,2.0,0.11846183913543647,0.025802021413289706,0.12771098270522072,0.019654219312475567,0.13099702885052883,0.01697793594812284,0.7417407764155364,0.536956596475531,0.47392915876541314,2.177573132493865,2.439873100638151,-1.1638947817800656,0.22912220453904697,0.295648797715729,0.31777521258651387,0.014718915814968403,0.0073462110101283375,0.8777666727156919
0.24451797364008787,2.0,0.288489712735185,2.0,0.15783157307290382,4.0,0.20054170126864887,0.029906718285499012,0.18494523211842545,0.03305035994447391,0.13693423444533576,0.017519517352126854,0.2464173649373867,2.0,0.26082124665213835,2.0,0.18946182646480128,2.0,0.1795652322433869,0.02791549942906829,0.1648642351370182,0.031215216646399795,0.1748050009422693,0.033234669633581036,1.4704479425534946,3.13293049729924,1.192803329426832,2.394803390993139,3.074045988599196,0.4410101163672287,0.07072023744844248,0.0008653520954212653,0.11647320293472391,0.00831463975044372,0.0010558843824655642,0.3296028366286303
0.1631908397220351,2.0,0.19898972374154275,2.0,0.15680516960266813,2.0,0.19174237486471127,0.04820052014902069,0.19366115303863438,0.045118436266555255,0.2059981202019773,0.047490256755201,0.1307278226836592,2.0,0.2028495129392501,2.0,0.14841188254417173,2.0,0.18594873298894918,0.034054690394676276,0.18764702385824283,0.03993248395682987,0.19457189574465558,0.04380857183124322,-0.5923491085657145,0.11810184802123254,-1.0358535405037939,-1.6215361133902009,0.3807048191002179,-1.0536753715299991,0.7231915812791705,0.4529934795963088,0.8498647624941379,0.947548644274822,0.3517111462829107,0.8539842157995575
0.2837804361715179,2.0,0.3091050135466329,3.0,0.2907966761733909,2.0,0.2221292327513444,0.03400326572118385,0.22439458358079342,0.028101642033416425,0.23174953186819855,0.036222373700224075,0.21443360130153258,2.0,0.2467573529289367,2.0,0.32076843621652157,2.0,0.19573682147801483,0.04008410080953571,0.18149548489096543,0.040710464346869896,0.20874632260524328,0.039734804760449556,1.8130965397763283,3.014429899331434,1.6301290686763321,0.4664387985739704,1.6030735361285324,2.819244093097461,0.0349084663904679,0.001287313506379999,0.05153711061421965,0.3204507226630712,0.05445920993110037,0.0024068448616344426
0.19576806881364467,2.0,0.2363328670637449,2.0,0.2527431107255541,2.0,0.2312846317058551,0.04976701645391702,0.21470090792579527,0.03866989006273007,0.24913427490265705,0.03501642982616499,0.26613921262021867,2.0,0.24819107089056852,2.0,0.3185787079489938,2.0,0.22005843409401687,0.0381357083159862,0.21063501792544279,0.03351237927590612,0.24628884585960303,0.040088436319466354,-0.713656663045048,0.5594005853871938,0.10306121557259572,1.2083367678498076,1.1206620889531063,1.8032597109378363,0.7622802448613889,0.2879441809803305,0.4589571932744442,0.11345887559394757,0.1312158626165451,0.03567371840934281
0.27635063054483877,3.0,0.2501161588185631,2.0,0.2663399169139825,2.0,0.2075796486004829,0.032806924361386915,0.23299836697380938,0.0409866977968244,0.26700090186723097,0.05842116793346499,0.2172141208165702,2.0,0.22504172376993692,3.0,0.2516953823074933,2.0,0.22121677651280167,0.04809977641372027,0.21183075619290945,0.025239192369336423,0.2718506673582602,0.04402790195759385,2.0962337458642706,0.41764261979846473,-0.011314134527424063,-0.08321568195667774,0.5234306781178041,-0.45778436297463787,0.018030730387051764,0.33810421545275116,0.5045135903317547,0.5331599782049318,0.30033729003366183,0.6764463144300054
0.2443432838576114,2.0,0.19511944024229666,3.0,0.27040023940141933,2.0,0.20223328039448335,0.04451335381986101,0.19521723900471374,0.04035552675548775,0.2309032150177846,0.04800934267751362,0.20108229424914903,2.0,0.21746437552139267,2.0,0.19159130259814308,2.0,0.18926537362087792,0.02728895002522866,0.19319246033260962,0.030433711680219966,0.2131741548268735,0.036077455117571586,0.9460083289509262,-0.0024234292123019997,0.822694546120794,0.43302950891647923,0.7975338481161434,-0.5982365485147106,0.1720721690372402,0.5009668074300023,0.20534085878190594,0.3324966660715878,0.2125705264410449,0.7251589461494781
0.2872440905042355,2.0,0.21296200853276115,2.0,0.24473595576379797,2.0,0.24067398491235728,0.04257682376915668,0.20507618094822322,0.029534984982054154,0.2540586495833636,0.040375984520624464,0.20561323882873747,2.0,0.21124258583778274,3.0,0.18365351126223528,2.0,0.21850327672256253,0.030038842827520913,0.1979030411919634,0.026403121454398763,0.21919049842241606,0.039968167563107844,1.0937900357333448,0.26699954610877447,-0.23089700301434146,-0.429112331917643,0.5052260456726029,-0.8891322601685343,0.13702353762757719,0.39473475528088303,0.59130259045913,0.6660792608681327,0.30670003937760226,0.8130339984740758
0.21448663348521269,2.0,0.21778959539515186,3.0,0.1981888807036797,2.0,0.1854365082238047,0.07434018785998808,0.20998758966681344,0.03352307911450409,0.24627580199658763,0.0737489354316788,0.15951513348068322,2.0,0.22400575065177505,3.0,0.26408394305990524,2.0,0.2127143809982642,0.06085693931110885,0.19526233185727265,0.031048264279266217,0.24502853019320542,0.04405513752753026,0.39077282554250253,0.2327353552962503,-0.6520354634468692,-0.874168962813251,0.9257657219085521,0.4325355437783392,0.3479825815506211,0.40798345669816194,0.742810852478916,0.8089868771323742,0.17728387231975717,0.33267611237989325
0.206123153275877,2.0,0.2294660766181869,2.0,0.22282468207222766,2.0,0.2076424361561405,0.047946957248472526,0.1971947500415368,0.046207290240348746,0.2511641132140528,0.04819547157125375,0.1718324172092434,2.0,0.19802998585489803,2.0,0.21376979654678097,3.0,0.1979836017806987,0.03730866172701084,0.20261063927057996,0.05587912935822715,0.15753265880441075,0.023199673865493542,-0.03168674233883553,0.6984033560243359,-0.588010246977814,-0.7009413728855974,-0.08197431614076336,2.4240486339773746,0.5126390661701238,0.24246248908355184,0.7217372925482828,0.758330198291161,0.5326664312737635,0.007674274926493477
0.19192681833902367,2.0,0.22232211571455457,2.0,0.18271421069047766,2.0,0.21103518897900422,0.05100479573338746,0.2039684367713486,0.044808435590268876,0.23029140341229415,0.04193338651697443,0.16995826169870384,2.0,0.17684161492547226,2.0,0.2426491242034589,2.0,0.19191886543591943,0.03100760823251689,0.20380908164145933,0.029025923444314847,0.22816719121518558,0.034442547786548865,-0.3746387053457469,0.40960320755299634,-1.1345898023894987,-0.7082327528308379,-0.9290821278338707,0.4204663684586387,0.6460354083164761,0.3410485218007705,0.8717263860819016,0.7605996351201594,0.8235767370926643,0.3370723965470426
0.15430445377870206,3.0,0.1793392847119962,2.0,0.19616876093879496,2.0,0.1551811847795235,0.024405866445249003,0.2237175189499668,0.03610436350083868,0.2361164602119573,0.039376651712351406,0.22445396210661606,2.0,0.16141486495267215,2.0,0.23789657860750535,2.0,0.19818817016412982,0.035918005242940906,0.19204070791917643,0.028455955364194933,0.23342025706585903,0.04854493617964669,-0.03592296150551605,-1.2291653953943744,-1.0145021868538362,0.7312708978360748,-1.0762542523889265,0.0922098553200507,0.5143281064761445,0.890495099813378,0.8448284067722354,0.23230685131556922,0.8590932188366777,0.4632656539969551
0.2372274424457223,2.0,0.19461705423399384,2.0,0.3186096966847636,2.0,0.19473352761308585,0.06122663219721881,0.16957361951129044,0.026145159690845944,0.22011172926833097,0.03242012623214202,0.17359674196583286,2.0,0.171667957152844,2.0,0.14857483322211162,2.0,0.16682814125152354,0.03069552436902703,0.14657704230367238,0.029543950061767535,0.17432362867673856,0.030395708380616965,0.6940429892625504,0.9578612262778305,3.0381734701199146,0.22050774024694947,0.8492742100062463,-0.8471194397642887,0.24382762484009102,0.16906637027113008,0.0011900844868594186,0.41273787244191396,0.19786436400116286,0.8015357246656718
0.1999034506250658,3.0,0.20582320079737054,3.0,0.22147727367353748,3.0,0.20183881035476878,0.019726921849892786,0.18986999365969326,0.023885721500047828,0.2103009847038495,0.020446132629411765,0.24009163483780674,2.0,0.19906893506640203,3.0,0.20288888613901726,4.0,0.20546265779792747,0.02909116576632804,0.1938687106638079,0.02484628627351166,0.17214433423728076,0.021633862246623062,-0.09810753773090598,0.6678972262841354,0.5466211714586494,1.1903605829354917,0.20929584185536926,1.421130982126669,0.5390765489197312,0.25209959903076384,0.29231951041657855,0.11695234928731096,0.4171086488095022,0.07763934225929546
0.24212745516307893,2.0,0.21118277485108042,2.0,0.27380627194314194,2.0,0.2139146056006668,0.04189361302402841,0.1573382857663524,0.025286585892477127,0.18415846140706454,0.05294052825010936,0.17256200814455755,2.0,0.1310561197810698,3.0,0.21425776931977583,2.0,0.18459170846552914,0.034333730946737175,0.14492674908728073,0.019932349586313833,0.16798996919747744,0.03974705958614882,0.6734403534550822,2.1293696710850556,1.6933682662279106,-0.35037556330925934,-0.6958853117715206,1.1640559227284812,0.25033359168391944,0.016611843838342952,0.04519269566847982,0.6369715684169737,0.756749671715834,0.12220067477867963
0.3007881743745108,2.0,0.24147838515119308,3.0,0.20875214558462568,3.0,0.24481267664872636,0.04551968644699291,0.2325216161819204,0.02461434480766625,0.22814947799537005,0.034566069376801484,0.2626568184214223,2.0,0.2624859977805798,2.0,0.24381771396370616,2.0,0.2152692922672064,0.038679833254841534,0.20671355785509143,0.04112631662575758,0.2298914727712102,0.03799853672629195,1.2296986665531442,0.3638841106379171,-0.5611668540989104,1.2251222967276993,1.3561253353420386,0.3664941440458186,0.10940498317587344,0.35797227516479224,0.712658101747301,0.11026457272931872,0.08752964654569267,0.3569981907465068
0.2986177635321417,2.0,0.30235543517836905,3.0,0.2459672985630981,3.0,0.23382948251931163,0.040794176188904754,0.24143874595022938,0.035279678466138366,0.269444273440544,0.02327308438755739,0.19819710576302677,3.0,0.22447769565128714,3.0,0.20278805960874974,3.0,0.23283353280435912,0.02441352802510203,0.2296428113180851,0.02409600308826762,0.23935652054485926,0.029676977825305467,1.588174760848615,1.7266792634351202,-1.0087607850550966,-1.4187391107798561,-0.21435570239086044,-1.2322164726937832,0.05612341332603839,0.04211264091817245,0.8434553139037928,0.9220124548706621,0.5848651584364168,0.8910658842383894
0.2800781667597517,2.0,0.21133839708826005,3.0,0.24478354531340663,3.0,0.23594310666022597,0.03599961639654518,0.20891741861861435,0.023500220140635308,0.2355424778031674,0.02523992122925778,0.22358156975444132,2.0,0.2196041053285829,3.0,0.19008177438087717,2.0,0.22461186168776268,0.03547041335900227,0.19232369765268048,0.023832667414712533,0.21999639838847873,0.039313063190842996,1.2259869553432607,0.10301939535704505,0.3661290154712174,-0.029046516117350766,1.1446644725575916,-0.7609334297452921,0.11010179198365827,0.45897378879250683,0.3571344036224109,0.5115862541340426,0.1261740868921271,0.7766515849850557
0.22542589946236086,2.0,0.20278277306591494,2.0,0.25602263864281993,2.0,0.20110735606778327,0.04113403575625389,0.2009414517558793,0.045996134564558665,0.22918816427828403,0.03326364847410232,0.20546743260610267,2.0,0.23215529814129832,3.0,0.1641788732329886,3.0,0.1933806699081781,0.03468481781614666,0.18217967170782381,0.026803683232553683,0.16475698570498018,0.023774626311182653,0.5912024664606432,0.04003208807581917,0.8067207175252616,0.34847415840534957,1.8645059337508498,-0.02431636419537139,0.2771923851717314,0.484033772102176,0.2099137026380356,0.36374205884422084,0.031125344536517364,0.5096998698749102
0.14699616160854903,2.0,0.20276725529209969,2.0,0.15619509449296742,3.0,0.18117932435536382,0.03312744825199819,0.15052303107044812,0.02669056976217275,0.15723163250215333,0.018611099658715935,0.1862965302749554,2.0,0.18156126110238205,3.0,0.19341680139892994,4.0,0.17938224245273188,0.02749223096544326,0.15977517011784786,0.020660044084226913,0.14647894786260415,0.017568991901601702,-1.031868270890829,1.9574038578859703,-0.0556946138698728,0.2514996993483192,1.0545036058837338,2.671630438400204,0.8489330842046945,0.025150002640954044,0.5222074548232085,0.4007138973048333,0.14582620530074364,0.0037741864592639694
0.30318848155626876,2.0,0.19863889400114842,2.0,0.27917344100460995,2.0,0.2371718847736842,0.03793771421598882,0.19268203453897687,0.04299987139927079,0.2429771068147849,0.03666875988923848,0.25502550440686794,2.0,0.1765880575898917,3.0,0.2698071431748098,2.0,0.2191536084788956,0.03462403115827443,0.20317627974998206,0.028364217257646932,0.22817324088201552,0.04960650278861063,1.740131110871248,0.13853202970910697,0.9871163982408884,1.0360404241780412,-0.9373860705753205,0.8392831574967061,0.04091799927245173,0.44490997880057825,0.16179278984737472,0.15009164197019154,0.8257199982729775,0.20065521611903342
0.23441292579123338,3.0,0.23339897397140147,3.0,0.25770710448129985,3.0,0.2156289999713177,0.02602343631957829,0.2227775975435711,0.026668528822959652,0.22664707122399833,0.02849920308612567,0.23065234485811256,2.0,0.253174878449417,3.0,0.22644572646340147,3.0,0.2225286512192966,0.03871870343872484,0.19945680828920725,0.024617290146384856,0.19760968896929137,0.024364900929692325,0.7218080498379033,0.3982738042409802,1.0898562027659837,0.20981316307949968,2.182127676961164,1.1835072745553015,0.23520624980004506,0.3452141839494144,0.13788824596517057,0.4169067495381782,0.014550055537310376,0.11830408259713981
0.19755059116998025,2.0,0.17336168641251617,3.0,0.2267571734561327,2.0,0.21897973247771763,0.04217605552887739,0.20797692733250894,0.030190827148746692,0.2536984691006298,0.045482495901388253,0.2635305183842306,2.0,0.1780903104951186,3.0,0.19556499121907503,2.0,0.2147243592603055,0.042821122122448596,0.18440214492674228,0.023937384194677922,0.23483733153423292,0.040820325619207856,-0.5080878484016867,-1.146548279364706,-0.5923442658667903,1.1397683363916071,-0.2636810430200234,-0.9620780755525975,0.6943041316302099,0.8742158186205378,0.7231899601930616,0.12719141426952307,0.6039871479034942,0.8319948068410283
0.17967928354575805,2.0,0.28580488817702665,2.0,0.24926728145781957,2.0,0.2055026244238532,0.054599887633777704,0.19431347585359884,0.05411922057632638,0.24706230788871753,0.04904317078630577,0.24926879154155962,2.0,0.1998517967782806,4.0,0.253744129770457,3.0,0.19931898505952905,0.049489748563211956,0.1498445561288788,0.03616659635323871,0.1718222035520336,0.03864629450874459,-0.4729559344755828,1.6905530299423661,0.04495984932764039,1.009296024574281,1.3826913697098202,2.119787349855411,0.6818776911759759,0.0454611009652915,0.48206965608328745,0.15641634305965374,0.08337975963901068,0.01701199129777131
0.2017670589109815,2.0,0.20549106004683232,2.0,0.21896965594654397,2.0,0.18071722296869022,0.055529303571022204,0.20457275479633805,0.06629679517010736,0.22753468605521285,0.048612240063470445,0.22068101090298348,2.0,0.16548118690695457,2.0,0.23449316822234145,2.0,0.18368246160199067,0.028869865809450293,0.17460618743007722,0.03728135950831459,0.2048001931122964,0.04052076127497299,0.37907617399466326,0.013851427480590012,-0.17619081320848354,1.28156291217958,-0.24476040153759865,0.7327842364201691,0.3523156493247887,0.4944742566313789,0.5699279810572775,0.09999800869896613,0.5966790217932754,0.2318450186106153
0.20357891596130934,2.0,0.23998999837526372,2.0,0.20905622814923266,2.0,0.21264002700391063,0.03471381304485302,0.21637876642520315,0.03914679011124777,0.22123259786724497,0.03277033478919538,0.22025322441214107,2.0,0.1766106231201154,2.0,0.2149740416555596,3.0,0.201617228551313,0.036073600954409535,0.19418943900699726,0.0367955384908462,0.15340151249826534,0.02755081359320107,-0.2610232137533729,0.6031460531747792,-0.3715668392264014,0.5166103568196746,-0.4777431343002361,2.2348715383305056,0.6029626971716935,0.2732057659770678,0.6448923087138783,0.30271409222073475,0.6835834802274663,0.012712891790341423
0.19254429170107534,3.0,0.1757587850590627,2.0,0.17369327356721775,2.0,0.1883198252330941,0.022195459966124112,0.18275517567319205,0.03737013373336113,0.2131383737545732,0.038739843709953044,0.2244066003554845,2.0,0.16577792738236308,2.0,0.2390638226825431,2.0,0.1911118166709304,0.03361806083878237,0.16560594052885833,0.033374710865456014,0.19624782590536521,0.03089528651836879,0.19033020601640388,-0.18721877379538301,-1.018204938633276,0.990383825058245,0.005153208793271205,1.3858423598603504,0.4245251926370147,0.5742554471383162,0.8457097135227156,0.1609932741921829,0.49794417623155723,0.08289752225764285
0.147800655967234,2.0,0.15794026847267081,2.0,0.17412653377202517,2.0,0.1702172530606423,0.03120256346589461,0.16597458194110729,0.021439142920720418,0.18737764315680958,0.03450893649679278,0.1989137119220256,2.0,0.24594834535745036,2.0,0.2149501650028796,2.0,0.19940953029579134,0.03768056535598984,0.17983093655754256,0.030937394843314786,0.20657961402483666,0.037572515207542415,-0.7184216488465882,-0.3747497508714073,-0.3839906624191665,-0.013158464292705535,2.1371356293820263,0.22278388688662046,0.7637513288359938,0.6460767058939887,0.6495073158567718,0.5052493162687717,0.016293480884880727,0.4118518546336315
0.13378592657833183,2.0,0.19668903122914005,2.0,0.23586707600307288,2.0,0.15962822846339156,0.030460252978101312,0.1809774346915609,0.03085694987146169,0.18919363904226516,0.03359445063917727,0.13830798554507115,2.0,0.21171600874160512,3.0,0.1843570324265476,2.0,0.16667036796172813,0.03283888794593324,0.16894387725081772,0.026619217785585517,0.19723192658456798,0.03464329345040732,-0.848394197633173,0.5091752944807466,1.3893198451763924,-0.8636827916753305,1.6068139881236028,-0.3716417486822112,0.8018907634974286,0.305314679271948,0.08236775595215667,0.8061189153159615,0.054047589400353126,0.6449201995092471
0.25706353136748816,2.0,0.19249041862689126,2.0,0.3060668771897531,2.0,0.24395300504238238,0.04092213256967849,0.2295919285688088,0.038243167778390035,0.25308255483960385,0.036798170876091,0.17872829527429465,2.0,0.21471701541573052,3.0,0.20749910255408466,3.0,0.21437031717084,0.03226931401944673,0.18196480197666132,0.02148099745471268,0.17904905493944753,0.02019713249710862,0.3203773973114029,-0.9701474040255211,1.4398629358117077,-1.1045174953228354,1.5247063600337492,1.4086181599645382,0.37434112881579185,0.8340134884693352,0.07495309054313805,0.8653156407231155,0.06366617735275508,0.07947405306190264
0.15254304641937946,2.0,0.2169427812308519,2.0,0.19435446267377177,2.0,0.21252064656474073,0.03691589294753355,0.18420516917921387,0.03653497392270911,0.21171131886239064,0.044200544200349745,0.2245701319901361,2.0,0.18849496725527468,2.0,0.16284074737081192,3.0,0.1933490624999598,0.033628511972388156,0.16960873026625506,0.030477209042485475,0.18279027452752233,0.021098266600843588,-1.6247094504961321,0.8960622805122422,-0.3926842192246478,0.9284106747218375,0.6196839403073966,-0.9455528993985108,0.94788775863561,0.1851097505202829,0.6527236362234432,0.17659729169172922,0.2677329454432258,0.827811661265949
0.21500561017515346,2.0,0.21229455376863468,3.0,0.23848384946004422,2.0,0.20358903519011864,0.037926845750167415,0.20818989574357322,0.027868494283448376,0.21147675009285546,0.03800247300170533,0.26890675370223327,2.0,0.21756495216348695,2.0,0.19031153644661158,2.0,0.2037305152821168,0.03324053977696856,0.16600315663635348,0.036511044271578655,0.1904973134686983,0.04428238869660058,0.3010156726514601,0.14728668091333869,0.7106668917566716,1.9607454890150509,1.4122246173953121,-0.004195280055002564,0.38170127171330753,0.44145287245815645,0.23864534040321922,0.02495435988393026,0.07894191711046683,0.5016736696825284
0.15656550332450817,2.0,0.18385928883496025,3.0,0.1771151852301554,3.0,0.17921430977046007,0.03435922911128635,0.15954390510153132,0.02178933823025448,0.1477591074495698,0.02129220589205634,0.21804598741530146,2.0,0.20545924532829543,2.0,0.177710637462936,3.0,0.19369296166463865,0.03215377431277911,0.16191773431608822,0.033007554846342414,0.17137852862210962,0.022941925197859092,-0.6591767927212373,1.1159303452211795,1.3787241176142166,0.7573924452465914,1.3191377311922294,0.27600599279337235,0.7451088761716069,0.13222597568569516,0.08398991529059013,0.22440739043738317,0.09356153552916502,0.39127173168745805
0.24294408760991,3.0,0.21585058469605914,2.0,0.23257777832207982,3.0,0.21246834500713221,0.018815794542588506,0.20164554274202573,0.02828596557336349,0.23303248709465463,0.022379250415661356,0.2029453129280947,2.0,0.18290131193053072,5.0,0.2508270942713256,3.0,0.19483875048473204,0.026271506783056366,0.1388304435574934,0.01855693372635624,0.2143110166222824,0.018928649062929345,1.6196893803127803,0.5021939914757623,-0.020318320056716258,0.30856861429017607,2.3749003484581004,1.9291433597634708,0.052649509290635964,0.30776553453974753,0.5081052792441983,0.378824849330657,0.008776844282655558,0.02685653370593858
0.26915067203222964,2.0,0.17373102814989916,3.0,0.2615566439274761,3.0,0.21898946834987973,0.03298357855971364,0.2020860399679243,0.02304929194315696,0.24259280669005887,0.019653569844735052,0.2446453934632342,2.0,0.22599229834026366,3.0,0.22016919037142324,3.0,0.19605354240072856,0.030859028354909654,0.1918011605320317,0.02304110565970272,0.21224811943178568,0.022961693773323168,1.520793251452016,-1.2301901458818294,0.9649054796270198,1.5746396971301495,1.4839191449058744,0.3449689303338869,0.06415586424602983,0.890687045454823,0.16729607829512427,0.05766981718099384,0.06891518609549581,0.36505886429509626
0.2575850082515339,3.0,0.2365387158615033,2.0,0.2623417982275365,2.0,0.22048451450249087,0.03284217237284791,0.21382507098279852,0.04912771199949703,0.23090981907437289,0.06132664927268121,0.2249782791305276,2.0,0.21368908890494834,2.0,0.2502760775583345,2.0,0.22163546032308765,0.02552423095723471,0.21267939933848465,0.03874178895302098,0.20921582208867365,0.03693319137170287,1.129660161570666,0.46233874842242445,0.5125337765219373,0.13096648486846735,0.02606202743213686,1.1117440422741263,0.12930972503502536,0.32191920824981846,0.3041387437264913,0.44790091009890526,0.48960393224325144,0.13312410877825448
0.22192748738934398,3.0,0.29435955273479775,2.0,0.28137569603382606,3.0,0.2586706404361428,0.0303713220986793,0.2127824151215385,0.07192238691814394,0.2832147798584749,0.02850553834855118,0.23923054942617517,2.0,0.2691705446013705,3.0,0.2589658939081733,3.0,0.2424543531034708,0.03474261665666933,0.21336979748015192,0.028036343043413726,0.23571470068538963,0.02812421477563326,-1.2097976152443028,1.134238463277137,-0.06451671959888755,-0.09279104418511838,1.9903004837261493,0.8267321739744518,0.8868217192309595,0.12834726697479304,0.5257206027343604,0.5369652169906366,0.023278922383892096,0.20419444050416818
0.25496924577762914,2.0,0.26463172653275724,2.0,0.17418112294223417,3.0,0.21687570345156973,0.060276126288260734,0.2526981862713992,0.05677949770497025,0.17786709127066597,0.03585345295222437,0.16942146212098153,3.0,0.3000322786412528,2.0,0.2134381405822529,2.0,0.1721555774495627,0.038896147434221935,0.2375908414067953,0.05791094676184661,0.2313194019457977,0.039398031658268946,0.6319839158854247,0.21017340314219435,-0.10280650885546336,-0.07029270272087716,1.0782320221985342,-0.4538617948897411,0.263698693646882,0.41676616858217025,0.540941730339509,0.5280196547364846,0.14046511238333897,0.6750358483792143
0.23535024861298304,2.0,0.20998328314918496,2.0,0.10115627815355116,5.0,0.18202355589615252,0.04279495508321373,0.23197443748498933,0.04174656503630368,0.0968793429562409,0.02203533452132888,0.24224078376701705,2.0,0.23076931188721428,2.0,0.1881280565700887,2.0,0.19792337725252546,0.02604612683347356,0.2119589891860331,0.0482163867499948,0.1899274409819748,0.04946912006220318,1.2460976442933072,-0.526777575991711,0.19409440746953238,1.7014969940765408,0.39012302598935855,-0.03637389162417993,0.10636427478800692,0.700825971661623,0.42305098027678023,0.044424850896102784,0.3482227884411988,0.5145078840676092
0.25430295566143724,2.0,0.18032907687082547,4.0,0.29071633162529853,2.0,0.24137561635905008,0.07399895821693861,0.20997976609671504,0.029487894257419375,0.2617403601988807,0.04863309564191464,0.2413475378159496,3.0,0.3232127332799697,2.0,0.24022981194408508,3.0,0.20732791965655328,0.032820074784023684,0.2839741385105787,0.06553959333648972,0.20917346608550744,0.03241637240001736,0.17469623375627524,-1.005520739020869,0.5958076705576761,1.0365490750178468,0.598700613962226,0.9580450728830167,0.43065916364735246,0.8426769158484719,0.27565185942722814,0.1499730285219334,0.27468627385380506,0.16902001541345485
0.22777566535686763,3.0,0.2746950724526684,3.0,0.3074673146168625,2.0,0.1783340207859961,0.04593864903351223,0.22412301206457935,0.04584286285050443,0.23674618369838732,0.05678140208381438,0.10995067234905448,5.0,0.2857775165233406,2.0,0.25929742881842066,2.0,0.11394935454500486,0.0417866713013463,0.24197745282738667,0.0706756043635818,0.24920851477377237,0.053435952869251124,1.0762537778332109,1.103161042821578,1.2454981441649595,-0.09569276689003829,0.6197338401328694,0.18880385775723288,0.14090688725240524,0.13497861789478577,0.10647434863391464,0.5381177071386615,0.26771651625672754,0.42512327408555467
0.26186356268951705,3.0,0.21900494392528758,2.0,0.28003648855283214,3.0,0.20262286615719322,0.05048852122681202,0.2520078538835372,0.06058985199378283,0.2012553111109225,0.06413696427448899,0.2796532982714518,3.0,0.293733263212277,3.0,0.26420142382847644,3.0,0.2138622321984101,0.06521007444360426,0.23440299365059952,0.09000118651170821,0.22018680071927035,0.08575406645764677,1.1733498049228654,-0.5446936883363912,1.2283271952932997,1.0089095378957111,0.6592165265950046,0.5132657251996855,0.12032777868374361,0.7070178967381827,0.10966208301010272,0.15650901026665587,0.25487836790917706,0.3038827280260966
0.21788351353181173,3.0,0.26368870359621294,3.0,0.21247564617017853,3.0,0.18873105871024998,0.0259041099511128,0.21440718267295691,0.026674231466375112,0.1985891929157683,0.02291932240174237,0.16906851612305804,5.0,0.3039415357608438,3.0,0.3842027934919933,2.0,0.12913934165117383,0.0469681133149761,0.2532276195815732,0.06407182295524391,0.28855549747479575,0.0777278957364452,1.1253988219081588,1.8475329265017104,0.6058841099662947,0.8501336684339953,0.7915166736350832,1.2305401440624655,0.1302100350447899,0.03233497029715323,0.2722958559036061,0.19762538742922042,0.21432127511349508,0.10924745191935498
0.17441069739409165,3.0,0.2673326679235276,2.0,0.23517501212074896,3.0,0.19834264544615884,0.023324767891425156,0.19627700863817457,0.03380553516104326,0.19734419176069348,0.021083440378616175,0.2473903253577761,2.0,0.31121234805534287,2.0,0.21921782673060985,3.0,0.2500916118437179,0.06335279559661963,0.3005022474208644,0.07180681244240808,0.20036006317988056,0.04212700099312166,-1.026031562820621,2.101894229653728,1.794338100456569,-0.042638789030581416,0.14915159537360603,0.4476407792192072,0.8475616466005219,0.01778127106989736,0.03637961015165039,0.5170052627907363,0.4407170069755494,0.327206233859631
